11225,Alain,Alain
11225,Sebastien,Sebastien
11225,Rodolphe,Rodolphe
11224,4a03fbf3485dbe33593e820263461c58fe9e5170,4a03fbf3485dbe33593e820263461c58fe9e5170
11225,Alia,Alia
11225,Lea,Lea
11225,Alain,Alain
11225,Sebastien,Sebastien
11225,Rodolphe,Rodolphe
11225,Amelie,Amelie
11224,0e56b8ec0a649adfbd513c92174f7aeed1bbd7b2,0e56b8ec0a649adfbd513c92174f7aeed1bbd7b2
11225,Lea,Lea
11225,Alain,Alain
11225,Sebastien,Sebastien
10225,Rodolphe,Rodolphe
11225,Amelie,Amelie
10225,Alia,Alia
11205,Lea,Lea
11225,Alain,Alain
